{
  "7.5": {
    "video_1": 0.0606060606060606,
    "video_10": 0.1149425287356322,
    "video_11": 0.14285714285714288,
    "video_12": 0.25,
    "video_13": 0.08333333333333333,
    "video_14": 0.5,
    "video_15": 0.1777777777777778,
    "video_16": 0.23076923076923075,
    "video_17": 0,
    "video_18": 0,
    "video_19": 0.12500000000000003,
    "video_2": 0.09523809523809523,
    "video_20": 0.048780487804878044,
    "video_21": 0.1149425287356322,
    "video_22": 0,
    "video_23": 0.33333333333333326,
    "video_24": 0,
    "video_25": 0,
    "video_3": 0,
    "video_4": 0.08695652173913045,
    "video_5": 0.04444444444444444,
    "video_6": 0.23255813953488375,
    "video_7": 0.07792207792207792,
    "video_8": 0,
    "video_9": 0.5769230769230769,
    "AverageF1": 0.1318553911901892
  },
  "5": {
    "video_1": 0,
    "video_10": 0.21359223300970875,
    "video_11": 0.14285714285714288,
    "video_12": 0,
    "video_13": 0.06896551724137931,
    "video_14": 0.6206896551724138,
    "video_15": 0.2,
    "video_16": 0.18181818181818185,
    "video_17": 0.03571428571428572,
    "video_18": 0.09523809523809523,
    "video_19": 0.1111111111111111,
    "video_2": 0.17391304347826086,
    "video_20": 0.04545454545454545,
    "video_21": 0.12903225806451615,
    "video_22": 0,
    "video_23": 0.31578947368421056,
    "video_24": 0,
    "video_25": 0.18749999999999997,
    "video_3": 0,
    "video_4": 0.37037037037037035,
    "video_5": 0.11538461538461539,
    "video_6": 0.21739130434782608,
    "video_7": 0.0963855421686747,
    "video_8": 0,
    "video_9": 0.4838709677419355,
    "AverageF1": 0.15220313371429095
  },
  "2.5": {
    "video_1": 0,
    "video_10": 0.24358974358974356,
    "video_11": 0.20000000000000004,
    "video_12": 0,
    "video_13": 0.10526315789473684,
    "video_14": 0.46341463414634143,
    "video_15": 0.37037037037037035,
    "video_16": 0.27027027027027023,
    "video_17": 0.1791044776119403,
    "video_18": 0.22222222222222224,
    "video_19": 0.09999999999999999,
    "video_2": 0.27692307692307694,
    "video_20": 0.03773584905660378,
    "video_21": 0.1889763779527559,
    "video_22": 0.04545454545454545,
    "video_23": 0.22727272727272724,
    "video_24": 0.09523809523809523,
    "video_25": 0.19607843137254902,
    "video_3": 0.1395348837209302,
    "video_4": 0.29787234042553196,
    "video_5": 0.18461538461538463,
    "video_6": 0.23333333333333334,
    "video_7": 0.1142857142857143,
    "video_8": 0,
    "video_9": 0.4634146341463415,
    "AverageF1": 0.1861988107961286
  },
  "1": {
    "video_1": 0,
    "video_10": 0.03756708407871198,
    "video_11": 0.3448275862068966,
    "video_12": 0.08333333333333333,
    "video_13": 0.12121212121212122,
    "video_14": 0.3125,
    "video_15": 0.5,
    "video_16": 0.22580645161290322,
    "video_17": 0.06936416184971099,
    "video_18": 0.17777777777777778,
    "video_19": 0.05714285714285715,
    "video_2": 0.17699115044247787,
    "video_20": 0.048780487804878044,
    "video_21": 0.03505447655139744,
    "video_22": 0.1188118811881188,
    "video_23": 0.5245901639344263,
    "video_24": 0.2857142857142857,
    "video_25": 0.0380952380952381,
    "video_3": 0.15789473684210525,
    "video_4": 0.1894736842105263,
    "video_5": 0.21428571428571433,
    "video_6": 0.20183486238532108,
    "video_7": 0.03483483483483483,
    "video_8": 0.1739130434782609,
    "video_9": 0.390625,
    "AverageF1": 0.1808172373192759
  },
  "0.8": {
    "video_1": 0.0425531914893617,
    "video_10": 0.03620621802439985,
    "video_11": 0.36363636363636365,
    "video_12": 0.16,
    "video_13": 0.07500000000000001,
    "video_14": 0.2978723404255319,
    "video_15": 0.41975308641975306,
    "video_16": 0.15789473684210525,
    "video_17": 0.0398406374501992,
    "video_18": 0.17857142857142858,
    "video_19": 0.1111111111111111,
    "video_2": 0.1276595744680851,
    "video_20": 0.043478260869565216,
    "video_21": 0.03510273972602739,
    "video_22": 0.128,
    "video_23": 0.4923076923076923,
    "video_24": 0.20689655172413793,
    "video_25": 0.04761904761904762,
    "video_3": 0.16326530612244897,
    "video_4": 0.18487394957983191,
    "video_5": 0.15126050420168066,
    "video_6": 0.2096774193548387,
    "video_7": 0.03319502074688797,
    "video_8": 0.07407407407407407,
    "video_9": 0.37037037037037035,
    "AverageF1": 0.1660087850053977
  }
}