{
  "7.5": {
    "video_1": 0,
    "video_10": 0,
    "video_11": 0,
    "video_12": 0,
    "video_13": 0,
    "video_14": 0,
    "video_15": 0,
    "video_16": 0.09523809523809523,
    "video_17": 0,
    "video_18": 0,
    "video_19": 0,
    "video_2": 0,
    "video_20": 0,
    "video_21": 0,
    "video_22": 0,
    "video_23": 0,
    "video_24": 0,
    "video_25": 0,
    "video_3": 0,
    "video_4": 0,
    "video_5": 0,
    "video_6": 0.05882352941176471,
    "video_7": 0,
    "video_8": 0,
    "video_9": 0,
    "AverageF1": 0.006162464985994398
  },
  "5": {
    "video_1": 0,
    "video_10": 0,
    "video_11": 0,
    "video_12": 0,
    "video_13": 0,
    "video_14": 0,
    "video_15": 0,
    "video_16": 0.09523809523809523,
    "video_17": 0,
    "video_18": 0,
    "video_19": 0,
    "video_2": 0,
    "video_20": 0,
    "video_21": 0,
    "video_22": 0,
    "video_23": 0,
    "video_24": 0,
    "video_25": 0,
    "video_3": 0,
    "video_4": 0,
    "video_5": 0,
    "video_6": 0.05882352941176471,
    "video_7": 0,
    "video_8": 0,
    "video_9": 0,
    "AverageF1": 0.006162464985994398
  },
  "2.5": {
    "video_1": 0,
    "video_10": 0,
    "video_11": 0,
    "video_12": 0,
    "video_13": 0,
    "video_14": 0,
    "video_15": 0,
    "video_16": 0.09523809523809523,
    "video_17": 0,
    "video_18": 0,
    "video_19": 0,
    "video_2": 0,
    "video_20": 0,
    "video_21": 0,
    "video_22": 0,
    "video_23": 0,
    "video_24": 0,
    "video_25": 0,
    "video_3": 0,
    "video_4": 0,
    "video_5": 0,
    "video_6": 0.05882352941176471,
    "video_7": 0,
    "video_8": 0,
    "video_9": 0,
    "AverageF1": 0.006162464985994398
  },
  "1": {
    "video_1": 0.06256742179072276,
    "video_10": 0.06481012658227848,
    "video_11": 0.060790273556231,
    "video_12": 0.06315789473684211,
    "video_13": 0.06382978723404255,
    "video_14": 0.06487695749440717,
    "video_15": 0.02046783625730994,
    "video_16": 0.06339144215530904,
    "video_17": 0.06495468277945618,
    "video_18": 0.05869074492099323,
    "video_19": 0.015625000000000003,
    "video_2": 0.0640495867768595,
    "video_20": 0.06297229219143577,
    "video_21": 0.06216696269982237,
    "video_22": 0.06361085126286249,
    "video_23": 0.01176470588235294,
    "video_24": 0.06403013182674198,
    "video_25": 0.06259780907668232,
    "video_3": 0.06376811594202898,
    "video_4": 0.06420545746388442,
    "video_5": 0.06534653465346535,
    "video_6": 0.061630218687872766,
    "video_7": 0.06509539842873176,
    "video_8": 0.06153846153846154,
    "video_9": 0.06613226452905811,
    "AverageF1": 0.05768283833871411
  },
  "0.8": {
    "video_1": 0.06256742179072276,
    "video_10": 0.06481012658227848,
    "video_11": 0.060790273556231,
    "video_12": 0.06315789473684211,
    "video_13": 0.06382978723404255,
    "video_14": 0.06487695749440717,
    "video_15": 0.02046783625730994,
    "video_16": 0.06339144215530904,
    "video_17": 0.06495468277945618,
    "video_18": 0.05869074492099323,
    "video_19": 0.015625000000000003,
    "video_2": 0.0640495867768595,
    "video_20": 0.06297229219143577,
    "video_21": 0.06216696269982237,
    "video_22": 0.06361085126286249,
    "video_23": 0.01176470588235294,
    "video_24": 0.06403013182674198,
    "video_25": 0.06259780907668232,
    "video_3": 0.06376811594202898,
    "video_4": 0.06420545746388442,
    "video_5": 0.06534653465346535,
    "video_6": 0.061630218687872766,
    "video_7": 0.06509539842873176,
    "video_8": 0.06153846153846154,
    "video_9": 0.06613226452905811,
    "AverageF1": 0.05768283833871411
  }
}