{
  "7.5": {
    "video_1": 0,
    "video_10": 0.19999999999999998,
    "video_11": 0.26666666666666666,
    "video_12": 0,
    "video_13": 0.19354838709677416,
    "video_14": 0.6451612903225806,
    "video_15": 0.1777777777777778,
    "video_16": 0.06896551724137932,
    "video_17": 0.10909090909090909,
    "video_18": 0.09523809523809523,
    "video_19": 0.23529411764705885,
    "video_2": 0.24489795918367346,
    "video_20": 0.044444444444444446,
    "video_21": 0.04395604395604395,
    "video_22": 0,
    "video_23": 0.3076923076923077,
    "video_24": 0.2,
    "video_25": 0.4,
    "video_3": 0,
    "video_4": 0.4571428571428572,
    "video_5": 0,
    "video_6": 0.20408163265306123,
    "video_7": 0.16279069767441862,
    "video_8": 0,
    "video_9": 0.6376811594202899,
    "AverageF1": 0.18777719452993352
  },
  "5": {
    "video_1": 0,
    "video_10": 0.22857142857142856,
    "video_11": 0.25,
    "video_12": 0,
    "video_13": 0.2222222222222222,
    "video_14": 0.5454545454545453,
    "video_15": 0.29166666666666663,
    "video_16": 0.28571428571428575,
    "video_17": 0.06557377049180328,
    "video_18": 0.09523809523809523,
    "video_19": 0.09999999999999999,
    "video_2": 0.30000000000000004,
    "video_20": 0.03846153846153846,
    "video_21": 0.13592233009708737,
    "video_22": 0.04651162790697674,
    "video_23": 0.34146341463414637,
    "video_24": 0.2727272727272727,
    "video_25": 0.2608695652173913,
    "video_3": 0.11764705882352942,
    "video_4": 0.5714285714285713,
    "video_5": 0.14285714285714285,
    "video_6": 0.23728813559322037,
    "video_7": 0.1443298969072165,
    "video_8": 0,
    "video_9": 0.5822784810126582,
    "AverageF1": 0.21104904200103192
  },
  "2.5": {
    "video_1": 0,
    "video_10": 0.13733905579399142,
    "video_11": 0.380952380952381,
    "video_12": 0.11764705882352942,
    "video_13": 0.16666666666666666,
    "video_14": 0.3564356435643564,
    "video_15": 0.4363636363636363,
    "video_16": 0.2727272727272727,
    "video_17": 0.047058823529411764,
    "video_18": 0.19999999999999998,
    "video_19": 0.23076923076923075,
    "video_2": 0.29268292682926833,
    "video_20": 0.06349206349206349,
    "video_21": 0.24050632911392403,
    "video_22": 0.28169014084507044,
    "video_23": 0.5106382978723404,
    "video_24": 0.3333333333333333,
    "video_25": 0.15789473684210525,
    "video_3": 0.11999999999999998,
    "video_4": 0.23376623376623376,
    "video_5": 0.13953488372093026,
    "video_6": 0.2682926829268293,
    "video_7": 0.18461538461538463,
    "video_8": 0.1,
    "video_9": 0.4554455445544555,
    "AverageF1": 0.22911409308409658
  },
  "1": {
    "video_1": 0,
    "video_10": 0.0412916887241927,
    "video_11": 0.29411764705882354,
    "video_12": 0.15384615384615383,
    "video_13": 0.125,
    "video_14": 0.24,
    "video_15": 0.5287356321839081,
    "video_16": 0.1797752808988764,
    "video_17": 0.1276595744680851,
    "video_18": 0.17241379310344826,
    "video_19": 0.15384615384615383,
    "video_2": 0.13836477987421383,
    "video_20": 0.1,
    "video_21": 0.03656307129798903,
    "video_22": 0.07035175879396985,
    "video_23": 0.5,
    "video_24": 0.2580645161290323,
    "video_25": 0.09589041095890409,
    "video_3": 0.12000000000000001,
    "video_4": 0.12820512820512822,
    "video_5": 0.11111111111111113,
    "video_6": 0.15384615384615385,
    "video_7": 0.055766793409378956,
    "video_8": 0.12903225806451613,
    "video_9": 0.25477707006369427,
    "AverageF1": 0.16674635903534935
  },
  "0.8": {
    "video_1": 0,
    "video_10": 0.03565365025466893,
    "video_11": 0.3076923076923077,
    "video_12": 0.125,
    "video_13": 0.13533834586466167,
    "video_14": 0.22485207100591714,
    "video_15": 0.5454545454545455,
    "video_16": 0.11650485436893204,
    "video_17": 0.0975609756097561,
    "video_18": 0.15384615384615385,
    "video_19": 0.13333333333333333,
    "video_2": 0.09999999999999998,
    "video_20": 0.10169491525423728,
    "video_21": 0.032599837000814993,
    "video_22": 0.0749063670411985,
    "video_23": 0.47368421052631576,
    "video_24": 0.22857142857142856,
    "video_25": 0.09090909090909091,
    "video_3": 0.06837606837606838,
    "video_4": 0.14207650273224043,
    "video_5": 0.1183431952662722,
    "video_6": 0.15789473684210528,
    "video_7": 0.033642691415313224,
    "video_8": 0.0975609756097561,
    "video_9": 0.24581005586592178,
    "AverageF1": 0.1536522525136416
  }
}