{
  "7.5": {
    "video_1": 0,
    "video_10": 0.12844036697247707,
    "video_11": 0.13333333333333333,
    "video_12": 0,
    "video_13": 0.07692307692307693,
    "video_14": 0.56,
    "video_15": 0.13636363636363635,
    "video_16": 0.06451612903225806,
    "video_17": 0.04255319148936171,
    "video_18": 0,
    "video_19": 0.12500000000000003,
    "video_2": 0.13636363636363635,
    "video_20": 0,
    "video_21": 0.06593406593406594,
    "video_22": 0.05,
    "video_23": 0.17647058823529413,
    "video_24": 0,
    "video_25": 0.2758620689655173,
    "video_3": 0,
    "video_4": 0.41379310344827586,
    "video_5": 0.04081632653061225,
    "video_6": 0.26666666666666666,
    "video_7": 0.07692307692307691,
    "video_8": 0,
    "video_9": 0.5555555555555556,
    "AverageF1": 0.13302059290947377
  },
  "5": {
    "video_1": 0,
    "video_10": 0.24,
    "video_11": 0.25,
    "video_12": 0,
    "video_13": 0.13793103448275862,
    "video_14": 0.6349206349206349,
    "video_15": 0.1702127659574468,
    "video_16": 0.12121212121212123,
    "video_17": 0.037037037037037035,
    "video_18": 0.09523809523809523,
    "video_19": 0.2222222222222222,
    "video_2": 0.16326530612244897,
    "video_20": 0,
    "video_21": 0.0392156862745098,
    "video_22": 0.04878048780487805,
    "video_23": 0.368421052631579,
    "video_24": 0,
    "video_25": 0.35,
    "video_3": 0.06666666666666667,
    "video_4": 0.5263157894736842,
    "video_5": 0.07843137254901962,
    "video_6": 0.2978723404255319,
    "video_7": 0.09302325581395349,
    "video_8": 0,
    "video_9": 0.5,
    "AverageF1": 0.1776306347533035
  },
  "2.5": {
    "video_1": 0,
    "video_10": 0.18652849740932642,
    "video_11": 0.28571428571428564,
    "video_12": 0.25,
    "video_13": 0.4,
    "video_14": 0.47619047619047616,
    "video_15": 0.33333333333333337,
    "video_16": 0.45454545454545453,
    "video_17": 0.15625,
    "video_18": 0.0689655172413793,
    "video_19": 0.3,
    "video_2": 0.2058823529411765,
    "video_20": 0.07692307692307691,
    "video_21": 0.1506849315068493,
    "video_22": 0.28169014084507044,
    "video_23": 0.380952380952381,
    "video_24": 0.1818181818181818,
    "video_25": 0.2909090909090909,
    "video_3": 0.10526315789473685,
    "video_4": 0.42857142857142855,
    "video_5": 0.11594202898550723,
    "video_6": 0.48571428571428577,
    "video_7": 0.13207547169811318,
    "video_8": 0,
    "video_9": 0.4691358024691358,
    "AverageF1": 0.2486835958265316
  },
  "1": {
    "video_1": 0.04761904761904762,
    "video_10": 0.037107516650808754,
    "video_11": 0.27586206896551724,
    "video_12": 0.2,
    "video_13": 0.0983606557377049,
    "video_14": 0.3442622950819672,
    "video_15": 0.7222222222222223,
    "video_16": 0.208955223880597,
    "video_17": 0.08571428571428572,
    "video_18": 0.12244897959183673,
    "video_19": 0.19999999999999998,
    "video_2": 0.21428571428571427,
    "video_20": 0,
    "video_21": 0.03189493433395872,
    "video_22": 0.13186813186813187,
    "video_23": 0.6000000000000001,
    "video_24": 0.3448275862068966,
    "video_25": 0.14432989690721648,
    "video_3": 0.09677419354838708,
    "video_4": 0.20689655172413793,
    "video_5": 0.05309734513274337,
    "video_6": 0.26785714285714285,
    "video_7": 0.05048543689320388,
    "video_8": 0.09090909090909091,
    "video_9": 0.3333333333333333,
    "AverageF1": 0.1963644661385578
  },
  "0.8": {
    "video_1": 0,
    "video_10": 0.0348982135438305,
    "video_11": 0.34285714285714286,
    "video_12": 0.08695652173913045,
    "video_13": 0.08450704225352111,
    "video_14": 0.303030303030303,
    "video_15": 0.6222222222222222,
    "video_16": 0.14285714285714285,
    "video_17": 0.0694980694980695,
    "video_18": 0.1090909090909091,
    "video_19": 0.06451612903225806,
    "video_2": 0.16417910447761194,
    "video_20": 0.024999999999999998,
    "video_21": 0.03314917127071824,
    "video_22": 0.11155378486055775,
    "video_23": 0.6060606060606061,
    "video_24": 0.3870967741935484,
    "video_25": 0.14953271028037382,
    "video_3": 0.1142857142857143,
    "video_4": 0.208955223880597,
    "video_5": 0.12213740458015268,
    "video_6": 0.25,
    "video_7": 0.03891449052739376,
    "video_8": 0.06896551724137931,
    "video_9": 0.29577464788732394,
    "AverageF1": 0.17744155382682028
  }
}