{
  "7.5": {
    "video_1": 0,
    "video_10": 0.18487394957983194,
    "video_11": 0,
    "video_12": 0,
    "video_13": 0,
    "video_14": 0.6101694915254238,
    "video_15": 0.13333333333333333,
    "video_16": 0.25806451612903225,
    "video_17": 0.03571428571428572,
    "video_18": 0,
    "video_19": 0.12500000000000003,
    "video_2": 0.1702127659574468,
    "video_20": 0.04545454545454545,
    "video_21": 0.06451612903225808,
    "video_22": 0.05405405405405406,
    "video_23": 0.368421052631579,
    "video_24": 0.09523809523809523,
    "video_25": 0.2941176470588235,
    "video_3": 0.12500000000000003,
    "video_4": 0.4242424242424242,
    "video_5": 0.11764705882352942,
    "video_6": 0.3404255319148936,
    "video_7": 0.024691358024691357,
    "video_8": 0,
    "video_9": 0.6060606060606061,
    "AverageF1": 0.16308947379099414
  },
  "5": {
    "video_1": 0.05555555555555555,
    "video_10": 0.2857142857142857,
    "video_11": 0,
    "video_12": 0.16666666666666666,
    "video_13": 0.05555555555555555,
    "video_14": 0.5277777777777778,
    "video_15": 0.24489795918367346,
    "video_16": 0.38888888888888884,
    "video_17": 0.13114754098360656,
    "video_18": 0.16666666666666666,
    "video_19": 0,
    "video_2": 0.32786885245901637,
    "video_20": 0.08333333333333333,
    "video_21": 0.038461538461538464,
    "video_22": 0.1702127659574468,
    "video_23": 0.45000000000000007,
    "video_24": 0.09523809523809523,
    "video_25": 0.27906976744186046,
    "video_3": 0.05555555555555555,
    "video_4": 0.5,
    "video_5": 0.13793103448275862,
    "video_6": 0.43137254901960786,
    "video_7": 0.06741573033707865,
    "video_8": 0,
    "video_9": 0.5753424657534246,
    "AverageF1": 0.20938690340129568
  },
  "2.5": {
    "video_1": 0.14634146341463414,
    "video_10": 0.1727272727272727,
    "video_11": 0.28571428571428564,
    "video_12": 0.11764705882352942,
    "video_13": 0.08333333333333333,
    "video_14": 0.4,
    "video_15": 0.3448275862068966,
    "video_16": 0.45833333333333337,
    "video_17": 0.057971014492753624,
    "video_18": 0.22857142857142854,
    "video_19": 0.08333333333333334,
    "video_2": 0.27499999999999997,
    "video_20": 0.0967741935483871,
    "video_21": 0.11180124223602485,
    "video_22": 0.27848101265822783,
    "video_23": 0.5,
    "video_24": 0.16666666666666666,
    "video_25": 0.13513513513513514,
    "video_3": 0.16326530612244897,
    "video_4": 0.17647058823529413,
    "video_5": 0.075,
    "video_6": 0.32098765432098764,
    "video_7": 0.16666666666666666,
    "video_8": 0.11111111111111112,
    "video_9": 0.4680851063829787,
    "AverageF1": 0.21696979172138917
  },
  "1": {
    "video_1": 0,
    "video_10": 0.038183694530443756,
    "video_11": 0.29411764705882354,
    "video_12": 0.08,
    "video_13": 0.02127659574468085,
    "video_14": 0.27941176470588236,
    "video_15": 0.5952380952380952,
    "video_16": 0.17204301075268816,
    "video_17": 0.14516129032258066,
    "video_18": 0.17857142857142858,
    "video_19": 0.1176470588235294,
    "video_2": 0.1388888888888889,
    "video_20": 0.044444444444444446,
    "video_21": 0.037699371677138716,
    "video_22": 0.06249999999999999,
    "video_23": 0.5671641791044776,
    "video_24": 0.43749999999999994,
    "video_25": 0.109375,
    "video_3": 0.1188118811881188,
    "video_4": 0.14965986394557823,
    "video_5": 0.0851063829787234,
    "video_6": 0.18309859154929578,
    "video_7": 0.056628056628056624,
    "video_8": 0.14814814814814814,
    "video_9": 0.3142857142857143,
    "AverageF1": 0.1749984443434695
  },
  "0.8": {
    "video_1": 0,
    "video_10": 0.04020530367835757,
    "video_11": 0.27906976744186046,
    "video_12": 0.07407407407407407,
    "video_13": 0.07272727272727272,
    "video_14": 0.25806451612903225,
    "video_15": 0.5208333333333334,
    "video_16": 0.13333333333333333,
    "video_17": 0.1342281879194631,
    "video_18": 0.09375,
    "video_19": 0.05,
    "video_2": 0.12087912087912088,
    "video_20": 0.059405940594059396,
    "video_21": 0.035057716973065416,
    "video_22": 0.12658227848101267,
    "video_23": 0.5333333333333333,
    "video_24": 0.39999999999999997,
    "video_25": 0.08,
    "video_3": 0.10434782608695652,
    "video_4": 0.1739130434782609,
    "video_5": 0.08588957055214724,
    "video_6": 0.17964071856287422,
    "video_7": 0.04304828388598022,
    "video_8": 0.10256410256410256,
    "video_9": 0.2875816993464052,
    "AverageF1": 0.1595411769349618
  }
}