{
  "7.5": {
    "video_1": 0,
    "video_10": 0.07407407407407407,
    "video_11": 0.0625,
    "video_12": 0,
    "video_13": 0,
    "video_14": 0,
    "video_15": 0,
    "video_16": 0,
    "video_17": 0,
    "video_18": 0,
    "video_19": 0.05128205128205127,
    "video_2": 0,
    "video_20": 0,
    "video_21": 0.015384615384615384,
    "video_22": 0,
    "video_23": 0,
    "video_24": 0,
    "video_25": 0,
    "video_26": 0,
    "video_27": 0.0273972602739726,
    "video_28": 0,
    "video_29": 0,
    "video_3": 0,
    "video_30": 0.07407407407407407,
    "video_31": 0,
    "video_32": 0,
    "video_33": 0.02222222222222222,
    "video_34": 0,
    "video_35": 0,
    "video_36": 0,
    "video_37": 0,
    "video_38": 0,
    "video_39": 0.07142857142857142,
    "video_4": 0,
    "video_40": 0,
    "video_41": 0,
    "video_42": 0,
    "video_43": 0,
    "video_44": 0,
    "video_45": 0,
    "video_46": 0.01941747572815534,
    "video_47": 0,
    "video_48": 0,
    "video_49": 0,
    "video_5": 0,
    "video_50": 0,
    "video_6": 0,
    "video_7": 0.06666666666666667,
    "video_8": 0,
    "video_9": 0,
    "AverageF1": 0.009688940222688062
  },
  "5": {
    "video_1": 0,
    "video_10": 0.07407407407407407,
    "video_11": 0.0625,
    "video_12": 0,
    "video_13": 0,
    "video_14": 0,
    "video_15": 0,
    "video_16": 0,
    "video_17": 0,
    "video_18": 0,
    "video_19": 0.05128205128205127,
    "video_2": 0,
    "video_20": 0,
    "video_21": 0.015384615384615384,
    "video_22": 0,
    "video_23": 0,
    "video_24": 0,
    "video_25": 0,
    "video_26": 0,
    "video_27": 0.0273972602739726,
    "video_28": 0,
    "video_29": 0,
    "video_3": 0,
    "video_30": 0.07407407407407407,
    "video_31": 0,
    "video_32": 0,
    "video_33": 0.02222222222222222,
    "video_34": 0,
    "video_35": 0,
    "video_36": 0,
    "video_37": 0,
    "video_38": 0,
    "video_39": 0.07142857142857142,
    "video_4": 0,
    "video_40": 0,
    "video_41": 0,
    "video_42": 0,
    "video_43": 0,
    "video_44": 0,
    "video_45": 0,
    "video_46": 0.019230769230769232,
    "video_47": 0,
    "video_48": 0,
    "video_49": 0,
    "video_5": 0,
    "video_50": 0,
    "video_6": 0,
    "video_7": 0.06666666666666667,
    "video_8": 0,
    "video_9": 0,
    "AverageF1": 0.009685206092740338
  },
  "2.5": {
    "video_1": 0.07792207792207792,
    "video_10": 0.07407407407407407,
    "video_11": 0.1081081081081081,
    "video_12": 0,
    "video_13": 0,
    "video_14": 0,
    "video_15": 0,
    "video_16": 0,
    "video_17": 0,
    "video_18": 0,
    "video_19": 0,
    "video_2": 0,
    "video_20": 0,
    "video_21": 0.015384615384615384,
    "video_22": 0.05,
    "video_23": 0,
    "video_24": 0,
    "video_25": 0,
    "video_26": 0,
    "video_27": 0.0273972602739726,
    "video_28": 0,
    "video_29": 0,
    "video_3": 0,
    "video_30": 0.07142857142857144,
    "video_31": 0,
    "video_32": 0,
    "video_33": 0.02127659574468085,
    "video_34": 0,
    "video_35": 0,
    "video_36": 0,
    "video_37": 0.06666666666666668,
    "video_38": 0,
    "video_39": 0.07142857142857142,
    "video_4": 0,
    "video_40": 0,
    "video_41": 0,
    "video_42": 0,
    "video_43": 0,
    "video_44": 0,
    "video_45": 0,
    "video_46": 0.018691588785046728,
    "video_47": 0,
    "video_48": 0,
    "video_49": 0,
    "video_5": 0,
    "video_50": 0,
    "video_6": 0,
    "video_7": 0,
    "video_8": 0,
    "video_9": 0,
    "AverageF1": 0.012047562596327704
  },
  "1": {
    "video_1": 0.06401463191586648,
    "video_10": 0.06310679611650485,
    "video_11": 0.06391752577319587,
    "video_12": 0.062302839116719244,
    "video_13": 0.06406685236768803,
    "video_14": 0.06445115810674724,
    "video_15": 0.06595995288574795,
    "video_16": 0.06412213740458016,
    "video_17": 0.0631753948462178,
    "video_18": 0.06300813008130081,
    "video_19": 0.06614447345517842,
    "video_2": 0.06540084388185655,
    "video_20": 0.06528662420382167,
    "video_21": 0.06456456456456457,
    "video_22": 0.0647419072615923,
    "video_23": 0.06343612334801763,
    "video_24": 0.06689734717416378,
    "video_25": 0.06506584043377227,
    "video_26": 0.06929133858267716,
    "video_27": 0.06410835214446951,
    "video_28": 0.06432748538011696,
    "video_29": 0.0642481307117142,
    "video_3": 0.06607275426874536,
    "video_30": 0.062421972534332085,
    "video_31": 0.0653950953678474,
    "video_32": 0.06596306068601583,
    "video_33": 0.06446939514668598,
    "video_34": 0.060689655172413794,
    "video_35": 0.06444444444444444,
    "video_36": 0.06679269061121612,
    "video_37": 0.07365439093484419,
    "video_38": 0.0627062706270627,
    "video_39": 0.06694560669456066,
    "video_4": 0.0652945351312988,
    "video_40": 0.06443298969072166,
    "video_41": 0.06370192307692307,
    "video_42": 0.06354515050167224,
    "video_43": 0.06313645621181263,
    "video_44": 0.0627177700348432,
    "video_45": 0.06072874493927125,
    "video_46": 0.06451612903225806,
    "video_47": 0.06444188722669736,
    "video_48": 0.06266318537859007,
    "video_49": 0.06326034063260341,
    "video_5": 0.06250000000000001,
    "video_50": 0.06283524904214559,
    "video_6": 0.06416040100250626,
    "video_7": 0.06290672451193059,
    "video_8": 0.06575014943215779,
    "video_9": 0.06329113924050633,
    "AverageF1": 0.0644215312266124
  },
  "0.8": {
    "video_1": 0.06401463191586648,
    "video_10": 0.06310679611650485,
    "video_11": 0.06391752577319587,
    "video_12": 0.062302839116719244,
    "video_13": 0.06406685236768803,
    "video_14": 0.06445115810674724,
    "video_15": 0.06580493537015276,
    "video_16": 0.06408952187182095,
    "video_17": 0.0631753948462178,
    "video_18": 0.06300813008130081,
    "video_19": 0.06614447345517842,
    "video_2": 0.06540084388185655,
    "video_20": 0.06528662420382167,
    "video_21": 0.06456456456456457,
    "video_22": 0.0647419072615923,
    "video_23": 0.06343612334801763,
    "video_24": 0.06689734717416378,
    "video_25": 0.06506584043377227,
    "video_26": 0.06929133858267716,
    "video_27": 0.06410835214446951,
    "video_28": 0.06432748538011696,
    "video_29": 0.0642481307117142,
    "video_3": 0.06607275426874536,
    "video_30": 0.062421972534332085,
    "video_31": 0.0653950953678474,
    "video_32": 0.06596306068601583,
    "video_33": 0.06446939514668598,
    "video_34": 0.060689655172413794,
    "video_35": 0.06444444444444444,
    "video_36": 0.06670862177470108,
    "video_37": 0.07355021216407354,
    "video_38": 0.0627062706270627,
    "video_39": 0.06694560669456066,
    "video_4": 0.0652945351312988,
    "video_40": 0.06443298969072166,
    "video_41": 0.06370192307692307,
    "video_42": 0.06354515050167224,
    "video_43": 0.06313645621181263,
    "video_44": 0.0627177700348432,
    "video_45": 0.06072874493927125,
    "video_46": 0.06451612903225806,
    "video_47": 0.06444188722669736,
    "video_48": 0.06266318537859007,
    "video_49": 0.06326034063260341,
    "video_5": 0.06250000000000001,
    "video_50": 0.06283524904214559,
    "video_6": 0.06416040100250626,
    "video_7": 0.06290672451193059,
    "video_8": 0.06575014943215779,
    "video_9": 0.06329113924050633,
    "AverageF1": 0.06441401361349959
  }
}