{
  "7.5": {
    "video_1": 0.5,
    "video_10": 0.9454545454545454,
    "video_11": 0.4897959183673469,
    "video_12": 0.5503355704697986,
    "video_13": 0.8095238095238095,
    "video_14": 0.8571428571428572,
    "video_15": 0.3414634146341463,
    "video_16": 0.8571428571428571,
    "video_17": 0.8695652173913043,
    "video_18": 0.62,
    "video_19": 0.5538461538461538,
    "video_2": 0.8055555555555556,
    "video_20": 0.8395061728395061,
    "video_21": 0.787878787878788,
    "video_22": 0.8732394366197184,
    "video_23": 0.75,
    "video_24": 0.7999999999999999,
    "video_25": 0.7708333333333334,
    "video_26": 0.7058823529411765,
    "video_27": 0.8904109589041096,
    "video_28": 0.24999999999999997,
    "video_29": 0.34285714285714286,
    "video_3": 0.43243243243243246,
    "video_30": 0.7719298245614036,
    "video_31": 0.676470588235294,
    "video_32": 0.76,
    "video_33": 0.07476635514018691,
    "video_34": 0.7547169811320755,
    "video_35": 0.7123287671232877,
    "video_36": 0.5934065934065935,
    "video_37": 0.7419354838709676,
    "video_38": 0.6285714285714286,
    "video_39": 0.8214285714285715,
    "video_4": 0.8200000000000001,
    "video_40": 0.2113821138211382,
    "video_41": 0.21875,
    "video_42": 0.5970149253731343,
    "video_43": 0.8,
    "video_44": 0.9056603773584904,
    "video_45": 0.7777777777777777,
    "video_46": 0.4071856287425149,
    "video_47": 0.8405797101449276,
    "video_48": 0.689655172413793,
    "video_49": 0.7500000000000001,
    "video_5": 0.7567567567567568,
    "video_50": 0.5405405405405405,
    "video_6": 0.45999999999999996,
    "video_7": 0.8253968253968255,
    "video_8": 0.4271844660194175,
    "video_9": 0.6666666666666666,
    "AverageF1": 0.6574594414363275
  },
  "5": {
    "video_1": 0.5245901639344263,
    "video_10": 0.9285714285714286,
    "video_11": 0.45614035087719296,
    "video_12": 0.4973544973544973,
    "video_13": 0.8571428571428572,
    "video_14": 0.821917808219178,
    "video_15": 0.40909090909090917,
    "video_16": 0.8818897637795274,
    "video_17": 0.904109589041096,
    "video_18": 0.6545454545454547,
    "video_19": 0.44155844155844154,
    "video_2": 0.6987951807228916,
    "video_20": 0.7865168539325843,
    "video_21": 0.6525679758308157,
    "video_22": 0.8571428571428571,
    "video_23": 0.631578947368421,
    "video_24": 0.6666666666666666,
    "video_25": 0.6666666666666665,
    "video_26": 0.6229508196721312,
    "video_27": 0.8662420382165604,
    "video_28": 0.2909090909090909,
    "video_29": 0.4079601990049751,
    "video_3": 0.48837209302325574,
    "video_30": 0.7457627118644068,
    "video_31": 0.576271186440678,
    "video_32": 0.7096774193548386,
    "video_33": 0.049586776859504134,
    "video_34": 0.6486486486486487,
    "video_35": 0.5681818181818181,
    "video_36": 0.5490196078431372,
    "video_37": 0.7076923076923076,
    "video_38": 0.6666666666666667,
    "video_39": 0.6984126984126984,
    "video_4": 0.7454545454545455,
    "video_40": 0.2518518518518519,
    "video_41": 0.2571428571428572,
    "video_42": 0.631578947368421,
    "video_43": 0.7012987012987012,
    "video_44": 0.7164179104477612,
    "video_45": 0.6666666666666667,
    "video_46": 0.39999999999999997,
    "video_47": 0.7142857142857144,
    "video_48": 0.6562499999999999,
    "video_49": 0.7948717948717948,
    "video_5": 0.9302325581395349,
    "video_50": 0.5238095238095238,
    "video_6": 0.46017699115044247,
    "video_7": 0.7826086956521738,
    "video_8": 0.3741007194244604,
    "video_9": 0.6391752577319587,
    "AverageF1": 0.6235824646106608
  },
  "2.5": {
    "video_1": 0.5064935064935066,
    "video_10": 0.9122807017543859,
    "video_11": 0.4507042253521127,
    "video_12": 0.33333333333333337,
    "video_13": 0.6153846153846153,
    "video_14": 0.7142857142857143,
    "video_15": 0.5283018867924528,
    "video_16": 0.7891156462585033,
    "video_17": 0.7311827956989247,
    "video_18": 0.6064516129032259,
    "video_19": 0.34862385321100914,
    "video_2": 0.5656565656565656,
    "video_20": 0.673076923076923,
    "video_21": 0.1009433962264151,
    "video_22": 0.6796116504854369,
    "video_23": 0.47154471544715443,
    "video_24": 0.49122807017543857,
    "video_25": 0.5098039215686274,
    "video_26": 0.5194805194805195,
    "video_27": 0.7391304347826088,
    "video_28": 0.3253012048192771,
    "video_29": 0.09230769230769231,
    "video_3": 0.3552123552123552,
    "video_30": 0.6285714285714286,
    "video_31": 0.4046242774566475,
    "video_32": 0.5454545454545454,
    "video_33": 0.15328467153284675,
    "video_34": 0.46,
    "video_35": 0.45045045045045046,
    "video_36": 0.43283582089552236,
    "video_37": 0.5348837209302326,
    "video_38": 0.5581395348837209,
    "video_39": 0.5750000000000001,
    "video_4": 0.6428571428571429,
    "video_40": 0.21890547263681592,
    "video_41": 0.39175257731958757,
    "video_42": 0.46296296296296297,
    "video_43": 0.5656565656565657,
    "video_44": 0.5813953488372092,
    "video_45": 0.44444444444444436,
    "video_46": 0.2737430167597765,
    "video_47": 0.5504587155963303,
    "video_48": 0.5301204819277108,
    "video_49": 0.7272727272727272,
    "video_5": 0.8627450980392156,
    "video_50": 0.38983050847457623,
    "video_6": 0.4397163120567376,
    "video_7": 0.6923076923076924,
    "video_8": 0.2469135802469136,
    "video_9": 0.4761904761904762,
    "AverageF1": 0.5059994582893815
  },
  "1": {
    "video_1": 0.10550458715596331,
    "video_10": 0.7647058823529412,
    "video_11": 0.22608695652173916,
    "video_12": 0.04223149113660062,
    "video_13": 0.375,
    "video_14": 0.44776119402985076,
    "video_15": 0.37499999999999994,
    "video_16": 0.07375,
    "video_17": 0.43421052631578955,
    "video_18": 0.2156862745098039,
    "video_19": 0.20833333333333334,
    "video_2": 0.42253521126760574,
    "video_20": 0.5068493150684932,
    "video_21": 0.04134892391120149,
    "video_22": 0.3664921465968587,
    "video_23": 0.2746781115879828,
    "video_24": 0.26540284360189575,
    "video_25": 0.2909090909090909,
    "video_26": 0.2941176470588235,
    "video_27": 0.06859903381642511,
    "video_28": 0.04315576534052596,
    "video_29": 0.03834472285497342,
    "video_3": 0.04698728579325594,
    "video_30": 0.41818181818181827,
    "video_31": 0.23333333333333336,
    "video_32": 0.44444444444444436,
    "video_33": 0.03361344537815126,
    "video_34": 0.3157894736842105,
    "video_35": 0.24615384615384614,
    "video_36": 0.25108225108225113,
    "video_37": 0.33557046979865773,
    "video_38": 0.29508196721311475,
    "video_39": 0.3880597014925373,
    "video_4": 0.5303867403314917,
    "video_40": 0.050326188257222744,
    "video_41": 0.09983361064891848,
    "video_42": 0.24752475247524755,
    "video_43": 0.4137931034482759,
    "video_44": 0.3472222222222222,
    "video_45": 0.3125,
    "video_46": 0.04002760524499655,
    "video_47": 0.28037383177570097,
    "video_48": 0.347107438016529,
    "video_49": 0.5,
    "video_5": 0.5128205128205129,
    "video_50": 0.2629107981220657,
    "video_6": 0.0906801007556675,
    "video_7": 0.5098039215686274,
    "video_8": 0.049151027703306524,
    "video_9": 0.31746031746031744,
    "AverageF1": 0.2760184652955325
  },
  "0.8": {
    "video_1": 0.06497022198159177,
    "video_10": 0.732394366197183,
    "video_11": 0.22900763358778625,
    "video_12": 0.040236686390532544,
    "video_13": 0.32307692307692304,
    "video_14": 0.39473684210526316,
    "video_15": 0.3409090909090909,
    "video_16": 0.06022944550669217,
    "video_17": 0.3815028901734104,
    "video_18": 0.07843137254901962,
    "video_19": 0.1981981981981982,
    "video_2": 0.37037037037037035,
    "video_20": 0.4539877300613496,
    "video_21": 0.03924070824692934,
    "video_22": 0.3111111111111111,
    "video_23": 0.2344322344322344,
    "video_24": 0.22764227642276422,
    "video_25": 0.23255813953488372,
    "video_26": 0.2547770700636943,