{
  "7.5": {
    "video_1": 0.509090909090909,
    "video_10": 0.9454545454545454,
    "video_11": 0.4489795918367347,
    "video_12": 0.5503355704697986,
    "video_13": 0.8181818181818182,
    "video_14": 0.8695652173913043,
    "video_15": 0.4390243902439025,
    "video_16": 0.7927927927927927,
    "video_17": 0.7761194029850746,
    "video_18": 0.5531914893617021,
    "video_19": 0.53125,
    "video_2": 0.7466666666666666,
    "video_20": 0.8500000000000001,
    "video_21": 0.7803030303030303,
    "video_22": 0.8285714285714285,
    "video_23": 0.85,
    "video_24": 0.8571428571428571,
    "video_25": 0.8333333333333334,
    "video_26": 0.6666666666666667,
    "video_27": 0.9178082191780821,
    "video_28": 0.11111111111111113,
    "video_29": 0.3699421965317919,
    "video_3": 0.5290322580645161,
    "video_30": 0.8214285714285715,
    "video_31": 0.6250000000000001,
    "video_32": 0.816326530612245,
    "video_33": 0.1651376146788991,
    "video_34": 0.7692307692307692,
    "video_35": 0.7222222222222221,
    "video_36": 0.5263157894736842,
    "video_37": 0.7868852459016394,
    "video_38": 0.6857142857142857,
    "video_39": 0.8070175438596491,
    "video_4": 0.7920792079207922,
    "video_40": 0.19834710743801653,
    "video_41": 0.3125,
    "video_42": 0.625,
    "video_43": 0.5882352941176471,
    "video_44": 0.7777777777777779,
    "video_45": 0.6470588235294118,
    "video_46": 0.3012048192771084,
    "video_47": 0.8695652173913043,
    "video_48": 0.711864406779661,
    "video_49": 0.7714285714285716,
    "video_5": 0.85,
    "video_50": 0.4444444444444444,
    "video_6": 0.49504950495049505,
    "video_7": 0.8709677419354839,
    "video_8": 0.3461538461538462,
    "video_9": 0.6666666666666667,
    "AverageF1": 0.6513637099662252
  },
  "5": {
    "video_1": 0.5439999999999999,
    "video_10": 0.9454545454545454,
    "video_11": 0.5,
    "video_12": 0.4972375690607735,
    "video_13": 0.7407407407407407,
    "video_14": 0.8493150684931506,
    "video_15": 0.4782608695652174,
    "video_16": 0.8750000000000001,
    "video_17": 0.8648648648648649,
    "video_18": 0.631578947368421,
    "video_19": 0.5205479452054795,
    "video_2": 0.6746987951807228,
    "video_20": 0.7526881720430108,
    "video_21": 0.6809815950920246,
    "video_22": 0.8292682926829269,
    "video_23": 0.6736842105263158,
    "video_24": 0.7000000000000002,
    "video_25": 0.689655172413793,
    "video_26": 0.6551724137931034,
    "video_27": 0.8553459119496855,
    "video_28": 0.28828828828828823,
    "video_29": 0.42574257425742573,
    "video_3": 0.5930232558139535,
    "video_30": 0.7796610169491526,
    "video_31": 0.5913043478260869,
    "video_32": 0.7076923076923077,
    "video_33": 0.1732283464566929,
    "video_34": 0.6575342465753424,
    "video_35": 0.611764705882353,
    "video_36": 0.5283018867924528,
    "video_37": 0.7058823529411765,
    "video_38": 0.7222222222222222,
    "video_39": 0.7384615384615385,
    "video_4": 0.7368421052631579,
    "video_40": 0.28368794326241137,
    "video_41": 0.2985074626865672,
    "video_42": 0.6578947368421052,
    "video_43": 0.6133333333333333,
    "video_44": 0.6984126984126985,
    "video_45": 0.5833333333333334,
    "video_46": 0.3523316062176166,
    "video_47": 0.7407407407407407,
    "video_48": 0.6885245901639344,
    "video_49": 0.7792207792207793,
    "video_5": 0.8181818181818182,
    "video_50": 0.5777777777777778,
    "video_6": 0.47863247863247865,
    "video_7": 0.7761194029850746,
    "video_8": 0.4583333333333333,
    "video_9": 0.6122448979591837,
    "AverageF1": 0.6327144248588022
  },
  "2.5": {
    "video_1": 0.45679012345679015,
    "video_10": 0.8524590163934427,
    "video_11": 0.4054054054054055,
    "video_12": 0.3090909090909091,
    "video_13": 0.5797101449275363,
    "video_14": 0.7209302325581396,
    "video_15": 0.5818181818181818,
    "video_16": 0.7215189873417721,
    "video_17": 0.6947368421052632,
    "video_18": 0.573170731707317,
    "video_19": 0.4587155963302752,
    "video_2": 0.5825242718446602,
    "video_20": 0.6862745098039217,
    "video_21": 0.10094637223974763,
    "video_22": 0.673076923076923,
    "video_23": 0.49253731343283585,
    "video_24": 0.4705882352941177,
    "video_25": 0.49382716049382724,
    "video_26": 0.481012658227848,
    "video_27": 0.7150259067357513,
    "video_28": 0.16853932584269662,
    "video_29": 0.07166123778501628,
    "video_3": 0.40287769784172667,
    "video_30": 0.6486486486486487,
    "video_31": 0.38150289017341044,
    "video_32": 0.5454545454545454,
    "video_33": 0.13389121338912133,
    "video_34": 0.4615384615384615,
    "video_35": 0.41071428571428575,
    "video_36": 0.3823529411764706,
    "video_37": 0.5681818181818181,
    "video_38": 0.6046511627906976,
    "video_39": 0.5853658536585366,
    "video_4": 0.6438356164383561,
    "video_40": 0.23157894736842105,
    "video_41": 0.43478260869565216,
    "video_42": 0.46296296296296297,
    "video_43": 0.5773195876288659,
    "video_44": 0.611764705882353,
    "video_45": 0.4179104477611941,
    "video_46": 0.18625277161862527,
    "video_47": 0.5217391304347826,
    "video_48": 0.5,
    "video_49": 0.7415730337078651,
    "video_5": 0.7924528301886793,
    "video_50": 0.45,
    "video_6": 0.5066666666666667,
    "video_7": 0.6842105263157894,
    "video_8": 0.24334600760456276,
    "video_9": 0.46774193548387094,
    "AverageF1": 0.49779354766477496
  },
  "1": {
    "video_1": 0.07726597325408618,
    "video_10": 0.7428571428571429,
    "video_11": 0.25225225225225223,
    "video_12": 0.04283528811830699,
    "video_13": 0.32061068702290074,
    "video_14": 0.4246575342465753,
    "video_15": 0.40476190476190477,
    "video_16": 0.06912181303116147,
    "video_17": 0.39263803680981596,
    "video_18": 0.13900709219858157,
    "video_19": 0.23188405797101447,
    "video_2": 0.3815789473684211,
    "video_20": 0.4799999999999999,
    "video_21": 0.0423728813559322,
    "video_22": 0.3365384615384615,
    "video_23": 0.24899598393574296,
    "video_24": 0.24778761061946905,
    "video_25": 0.24615384615384617,
    "video_26": 0.28378378378378377,
    "video_27": 0.07157258064516128,
    "video_28": 0.051724137931034475,
    "video_29": 0.03753644314868805,
    "video_3": 0.04329435182881313,
    "video_30": 0.384,
    "video_31": 0.23076923076923078,
    "video_32": 0.3555555555555555,
    "video_33": 0.03491401771756123,
    "video_34": 0.2823529411764706,
    "video_35": 0.22421524663677128,
    "video_36": 0.23387096774193547,
    "video_37": 0.3076923076923077,
    "video_38": 0.21875,
    "video_39": 0.32,
    "video_4": 0.4736842105263158,
    "video_40": 0.03907946157186278,
    "video_41": 0.05904059040590406,
    "video_42": 0.24770642201834864,
    "video_43": 0.36363636363636365,
    "video_44": 0.3472222222222222,
    "video_45": 0.2745098039215686,
    "video_46": 0.040304523063143756,
    "video_47": 0.25974025974025977,
    "video_48": 0.33082706766917297,
    "video_49": 0.4848484848484849,
    "video_5": 0.5263157894736842,
    "video_50": 0.24644549763033174,
    "video_6": 0.08928571428571427,
    "video_7": 0.46846846846846846,
    "video_8": 0.050576752440106475,
    "video_9": 0.31313131313131315,
    "AverageF1": 0.25552348046352386
  },
  "0.8": {
    "video_1": 0.062272963155163466,
    "video_10": 0.7123287671232876,
    "video_11": 0.21739130434782608,
    "video_12": 0.039143449228643795,
    "video_13": 0.2641509433962264,
    "video_14": 0.348314606741573,
    "video_15": 0.4421052631578948,
    "video_16": 0.05778191985088536,
    "video_17": 0.33170731707317075,
    "video_18": 0.0661636680208938,
    "video_19": 0.20869565217391303,
    "video_2": 0.34523809523809523,
    "video_20": 0.4228571428571429,
    "video_21": 0.040803212851405625,
    "video_22": 0.2834645669291339,
    "video_23": 0.21710526315789472,
    "video_24": 0.19858156028368795,
    "video_25": 0.20100502512562815,
    "video_26": 0.2391304347826087,