{
  "7.5": {
    "video_1": 0.3789473684210526,
    "video_10": 0.9433962264150944,
    "video_11": 0.3902439024390244,
    "video_12": 0.31034482758620696,
    "video_13": 0.5294117647058824,
    "video_14": 0.6274509803921569,
    "video_15": 0.30769230769230765,
    "video_16": 0.37974683544303794,
    "video_17": 0.6428571428571429,
    "video_18": 0.3209876543209877,
    "video_19": 0.42105263157894735,
    "video_2": 0.8363636363636364,
    "video_20": 0.6451612903225806,
    "video_21": 0.4919786096256685,
    "video_22": 0.6545454545454547,
    "video_23": 0.6666666666666667,
    "video_24": 0.28571428571428575,
    "video_25": 0.6567164179104478,
    "video_26": 0.625,
    "video_27": 0.7741935483870968,
    "video_28": 0,
    "video_29": 0.2913907284768212,
    "video_3": 0.30000000000000004,
    "video_30": 0.8333333333333333,
    "video_31": 0.27272727272727276,
    "video_32": 0.3125,
    "video_33": 0.06,
    "video_34": 0.15384615384615385,
    "video_35": 0.46511627906976755,
    "video_36": 0.4556962025316456,
    "video_37": 0.5641025641025641,
    "video_38": 0.7647058823529413,
    "video_39": 0.723404255319149,
    "video_4": 0.6329113924050633,
    "video_40": 0.12962962962962962,
    "video_41": 0.16949152542372883,
    "video_42": 0.5964912280701755,
    "video_43": 0.5714285714285715,
    "video_44": 0.6956521739130435,
    "video_45": 0.7407407407407406,
    "video_46": 0.2647058823529412,
    "video_47": 0.8148148148148149,
    "video_48": 0.8510638297872342,
    "video_49": 0.5714285714285714,
    "video_5": 0.7058823529411764,
    "video_50": 0.41791044776119407,
    "video_6": 0.425531914893617,
    "video_7": 0.5454545454545454,
    "video_8": 0.05479452054794521,
    "video_9": 0.5789473684210527,
    "AverageF1": 0.49704347466322735
  },
  "5": {
    "video_1": 0.49523809523809526,
    "video_10": 0.9454545454545454,
    "video_11": 0.6122448979591837,
    "video_12": 0.40625,
    "video_13": 0.75,
    "video_14": 0.8484848484848485,
    "video_15": 0.3,
    "video_16": 0.6391752577319587,
    "video_17": 0.7540983606557378,
    "video_18": 0.3764705882352941,
    "video_19": 0.3870967741935484,
    "video_2": 0.7887323943661972,
    "video_20": 0.8051948051948052,
    "video_21": 0.509933774834437,
    "video_22": 0.8529411764705881,
    "video_23": 0.7945205479452055,
    "video_24": 0.9,
    "video_25": 0.8470588235294119,
    "video_26": 0.7555555555555555,
    "video_27": 0.8652482269503546,
    "video_28": 0.16901408450704225,
    "video_29": 0.3043478260869565,
    "video_3": 0.4305555555555555,
    "video_30": 0.8679245283018868,
    "video_31": 0.489795918367347,
    "video_32": 0.8260869565217391,
    "video_33": 0.056074766355140186,
    "video_34": 0.47058823529411764,
    "video_35": 0.6545454545454545,
    "video_36": 0.5434782608695652,
    "video_37": 0.7199999999999999,
    "video_38": 0.7647058823529413,
    "video_39": 0.8727272727272727,
    "video_4": 0.8085106382978724,
    "video_40": 0.1935483870967742,
    "video_41": 0.22222222222222224,
    "video_42": 0.6101694915254238,
    "video_43": 0.5806451612903225,
    "video_44": 0.7755102040816326,
    "video_45": 0.6875,
    "video_46": 0.28220858895705525,
    "video_47": 0.875,
    "video_48": 0.75,
    "video_49": 0.6470588235294118,
    "video_5": 0.8108108108108109,
    "video_50": 0.4722222222222222,
    "video_6": 0.4554455445544554,
    "video_7": 0.8421052631578947,
    "video_8": 0.13043478260869565,
    "video_9": 0.6024096385542168,
    "AverageF1": 0.610986903863876
  },
  "2.5": {
    "video_1": 0.5714285714285714,
    "video_10": 0.896551724137931,
    "video_11": 0.4666666666666667,
    "video_12": 0.13318284424379231,
    "video_13": 0.7692307692307693,
    "video_14": 0.8378378378378379,
    "video_15": 0.5,
    "video_16": 0.9007633587786259,
    "video_17": 0.860759493670886,
    "video_18": 0.5932203389830508,
    "video_19": 0.4318181818181818,
    "video_2": 0.6222222222222222,
    "video_20": 0.7956989247311829,
    "video_21": 0.06752730883813307,
    "video_22": 0.8000000000000002,
    "video_23": 0.6666666666666666,
    "video_24": 0.691358024691358,
    "video_25": 0.6129032258064515,
    "video_26": 0.6031746031746033,
    "video_27": 0.6666666666666666,
    "video_28": 0.22413793103448273,
    "video_29": 0.06920077972709551,
    "video_3": 0.10841983852364476,
    "video_30": 0.7076923076923076,
    "video_31": 0.5641025641025641,
    "video_32": 0.6216216216216216,
    "video_33": 0.04798255179934569,
    "video_34": 0.638888888888889,
    "video_35": 0.5168539325842697,
    "video_36": 0.48214285714285715,
    "video_37": 0.6027397260273972,
    "video_38": 0.7567567567567567,
    "video_39": 0.6865671641791045,
    "video_4": 0.6829268292682927,
    "video_40": 0.1797752808988764,
    "video_41": 0.32,
    "video_42": 0.6329113924050633,
    "video_43": 0.6265060240963856,
    "video_44": 0.676056338028169,
    "video_45": 0.56,
    "video_46": 0.06443298969072164,
    "video_47": 0.7228915662650601,
    "video_48": 0.6764705882352942,
    "video_49": 0.7804878048780488,
    "video_5": 0.7755102040816326,
    "video_50": 0.46601941747572817,
    "video_6": 0.41935483870967744,
    "video_7": 0.7714285714285715,
    "video_8": 0.35294117647058826,
    "video_9": 0.5740740740740742,
    "AverageF1": 0.5559314289136023
  },
  "1": {
    "video_1": 0.04637681159420289,
    "video_10": 0.787878787878788,
    "video_11": 0.31460674157303375,
    "video_12": 0.041512231282431436,
    "video_13": 0.4999999999999999,
    "video_14": 0.5585585585585585,
    "video_15": 0.43589743589743596,
    "video_16": 0.05397987191216834,
    "video_17": 0.5365853658536586,
    "video_18": 0.056351480420248325,
    "video_19": 0.27672955974842767,
    "video_2": 0.47540983606557374,
    "video_20": 0.59375,
    "video_21": 0.040977961432506885,
    "video_22": 0.5185185185185185,
    "video_23": 0.38823529411764707,
    "video_24": 0.39436619718309857,
    "video_25": 0.37073170731707317,
    "video_26": 0.42,
    "video_27": 0.05493230174081238,
    "video_28": 0.04878048780487805,
    "video_29": 0.038519637462235655,
    "video_3": 0.03879204517554628,
    "video_30": 0.5161290322580645,
    "video_31": 0.296943231441048,
    "video_32": 0.5154639175257731,
    "video_33": 0.030958099813183874,
    "video_34": 0.39999999999999997,
    "video_35": 0.3287671232876712,
    "video_36": 0.14189189189189189,
    "video_37": 0.4144144144144144,
    "video_38": 0.339622641509434,
    "video_39": 0.43636363636363634,
    "video_4": 0.509090909090909,
    "video_40": 0.03751379183523354,
    "video_41": 0.04602235371466141,
    "video_42": 0.40287769784172667,
    "video_43": 0.5,
    "video_44": 0.42990654205607476,
    "video_45": 0.3835616438356165,
    "video_46": 0.03724556084885232,
    "video_47": 0.3712574850299401,
    "video_48": 0.44,
    "video_49": 0.6226415094339622,
    "video_5": 0.6333333333333333,
    "video_50": 0.35443037974683544,
    "video_6": 0.04336863338376198,
    "video_7": 0.6136363636363636,
    "video_8": 0.043877143996808934,
    "video_9": 0.37735849056603776,
    "AverageF1": 0.3251633331678416
  },
  "0.8": {
    "video_1": 0.04519774011299436,
    "video_10": 0.7536231884057971,
    "video_11": 0.27999999999999997,
    "video_12": 0.03944315545243619,
    "video_13": 0.425531914893617,
    "video_14": 0.5123966942148761,
    "video_15": 0.4285714285714286,
    "video_16": 0.049079754601226995,
    "video_17": 0.45205479452054803,
    "video_18": 0.04930156121610517,
    "video_19": 0.23157894736842105,
    "video_2": 0.42748091603053445,
    "video_20": 0.5205479452054795,
    "video_21": 0.03908045977011494,
    "video_22": 0.426829268292683,
    "video_23": 0.33999999999999997,
    "video_24": 0.32558139534883723,
    "video_25": 0.27659574468085113,
    "video_26": 0.3361344537815126,
    "video_27": 0.049667715984610006,
    "video_28": 0.0389344262295082,
    "video_29": 0.039639639639639644,