{
  "7.5": {
    "video_1": 0.48000000000000004,
    "video_10": 0.9454545454545454,
    "video_11": 0.4347826086956521,
    "video_12": 0.34108527131782945,
    "video_13": 0.7692307692307693,
    "video_14": 0.736842105263158,
    "video_15": 0.25641025641025644,
    "video_16": 0.5517241379310345,
    "video_17": 0.6896551724137931,
    "video_18": 0.3658536585365853,
    "video_19": 0.5245901639344263,
    "video_2": 0.7619047619047619,
    "video_20": 0.7714285714285715,
    "video_21": 0.6422018348623854,
    "video_22": 0.8484848484848485,
    "video_23": 0.7714285714285715,
    "video_24": 0.7857142857142857,
    "video_25": 0.9047619047619047,
    "video_26": 0.7441860465116279,
    "video_27": 0.8633093525179857,
    "video_28": 0,
    "video_29": 0.31901840490797545,
    "video_3": 0.42962962962962964,
    "video_30": 0.7692307692307693,
    "video_31": 0.4255319148936171,
    "video_32": 0.7142857142857143,
    "video_33": 0.11428571428571428,
    "video_34": 0.611111111111111,
    "video_35": 0.7999999999999999,
    "video_36": 0.46511627906976744,
    "video_37": 0.7199999999999999,
    "video_38": 0.7058823529411765,
    "video_39": 0.8363636363636364,
    "video_4": 0.7586206896551724,
    "video_40": 0.19834710743801653,
    "video_41": 0.19672131147540986,
    "video_42": 0.6101694915254238,
    "video_43": 0.676923076923077,
    "video_44": 0.8076923076923077,
    "video_45": 0.7096774193548386,
    "video_46": 0.3443708609271523,
    "video_47": 0.90625,
    "video_48": 0.8076923076923077,
    "video_49": 0.7647058823529411,
    "video_5": 0.7567567567567568,
    "video_50": 0.4285714285714286,
    "video_6": 0.4583333333333333,
    "video_7": 0.8771929824561403,
    "video_8": 0.2222222222222222,
    "video_9": 0.6075949367088608,
    "AverageF1": 0.6046269301721499
  },
  "5": {
    "video_1": 0.588235294117647,
    "video_10": 0.9285714285714286,
    "video_11": 0.5490196078431372,
    "video_12": 0.42857142857142855,
    "video_13": 0.8837209302325583,
    "video_14": 0.8285714285714286,
    "video_15": 0.3414634146341463,
    "video_16": 0.8347826086956522,
    "video_17": 0.8695652173913043,
    "video_18": 0.5625,
    "video_19": 0.5373134328358208,
    "video_2": 0.7272727272727272,
    "video_20": 0.7710843373493976,
    "video_21": 0.5497076023391813,
    "video_22": 0.8493150684931507,
    "video_23": 0.7441860465116279,
    "video_24": 0.7714285714285715,
    "video_25": 0.7920792079207921,
    "video_26": 0.7547169811320754,
    "video_27": 0.8799999999999999,
    "video_28": 0.08695652173913043,
    "video_29": 0.3368421052631579,
    "video_3": 0.5095541401273884,
    "video_30": 0.75,
    "video_31": 0.625,
    "video_32": 0.8148148148148148,
    "video_33": 0.11009174311926605,
    "video_34": 0.7241379310344829,
    "video_35": 0.6578947368421053,
    "video_36": 0.5106382978723404,
    "video_37": 0.721311475409836,
    "video_38": 0.6857142857142857,
    "video_39": 0.8214285714285715,
    "video_4": 0.816326530612245,
    "video_40": 0.22727272727272727,
    "video_41": 0.21875,
    "video_42": 0.6567164179104477,
    "video_43": 0.6388888888888888,
    "video_44": 0.7719298245614034,
    "video_45": 0.5641025641025642,
    "video_46": 0.43786982248520706,
    "video_47": 0.7945205479452055,
    "video_48": 0.7457627118644068,
    "video_49": 0.8,
    "video_5": 0.7567567567567568,
    "video_50": 0.47368421052631576,
    "video_6": 0.5,
    "video_7": 0.8437500000000001,
    "video_8": 0.3305785123966942,
    "video_9": 0.6451612903225806,
    "AverageF1": 0.635371215258458
  },
  "2.5": {
    "video_1": 0.5850340136054422,
    "video_10": 0.896551724137931,
    "video_11": 0.5084745762711865,
    "video_12": 0.17496229260935142,
    "video_13": 0.6551724137931034,
    "video_14": 0.7894736842105263,
    "video_15": 0.43478260869565216,
    "video_16": 0.8721804511278196,
    "video_17": 0.810126582278481,
    "video_18": 0.6456692913385828,
    "video_19": 0.45977011494252873,
    "video_2": 0.6153846153846154,
    "video_20": 0.723404255319149,
    "video_21": 0.07155635062611806,
    "video_22": 0.7727272727272727,
    "video_23": 0.5636363636363636,
    "video_24": 0.5957446808510639,
    "video_25": 0.5882352941176471,
    "video_26": 0.5915492957746478,
    "video_27": 0.7816091954022987,
    "video_28": 0.22388059701492538,
    "video_29": 0.07241543592186754,
    "video_3": 0.15519765739385064,
    "video_30": 0.6461538461538461,
    "video_31": 0.41975308641975306,
    "video_32": 0.5609756097560975,
    "video_33": 0.11940298507462685,
    "video_34": 0.5054945054945055,
    "video_35": 0.48000000000000004,
    "video_36": 0.4173913043478261,
    "video_37": 0.5974025974025974,
    "video_38": 0.7567567567567567,
    "video_39": 0.6575342465753423,
    "video_4": 0.743801652892562,
    "video_40": 0.22598870056497175,
    "video_41": 0.4938271604938272,
    "video_42": 0.5494505494505495,
    "video_43": 0.675,
    "video_44": 0.6666666666666665,
    "video_45": 0.4814814814814815,
    "video_46": 0.08688656476267097,
    "video_47": 0.6060606060606061,
    "video_48": 0.6376811594202899,
    "video_49": 0.7749999999999999,
    "video_5": 0.8260869565217391,
    "video_50": 0.44897959183673475,
    "video_6": 0.4297520661157025,
    "video_7": 0.7397260273972602,
    "video_8": 0.2629107981220657,
    "video_9": 0.5391304347826086,
    "AverageF1": 0.5387366824346302
  },
  "1": {
    "video_1": 0.049028677150786314,
    "video_10": 0.7647058823529412,
    "video_11": 0.31460674157303375,
    "video_12": 0.04265997490589711,
    "video_13": 0.4418604651162791,
    "video_14": 0.6,
    "video_15": 0.45161290322580644,
    "video_16": 0.055662188099808066,
    "video_17": 0.5789473684210527,
    "video_18": 0.058888888888888886,
    "video_19": 0.23841059602649006,
    "video_2": 0.5137614678899083,
    "video_20": 0.5806451612903226,
    "video_21": 0.03889457523029683,
    "video_22": 0.4594594594594595,
    "video_23": 0.37714285714285717,
    "video_24": 0.33333333333333337,
    "video_25": 0.35454545454545455,
    "video_26": 0.3508771929824562,
    "video_27": 0.057424118129614427,
    "video_28": 0.04361370716510903,
    "video_29": 0.03670071888006053,
    "video_3": 0.042271454036159915,
    "video_30": 0.5227272727272727,
    "video_31": 0.27999999999999997,
    "video_32": 0.4799999999999999,
    "video_33": 0.03099553454163383,
    "video_34": 0.36923076923076925,
    "video_35": 0.3125,
    "video_36": 0.1878453038674033,
    "video_37": 0.396551724137931,
    "video_38": 0.35714285714285715,
    "video_39": 0.3636363636363637,
    "video_4": 0.5911949685534591,
    "video_40": 0.045495093666369314,
    "video_41": 0.0707070707070707,
    "video_42": 0.345679012345679,
    "video_43": 0.5142857142857142,
    "video_44": 0.4444444444444444,
    "video_45": 0.36363636363636365,
    "video_46": 0.03686006825938566,
    "video_47": 0.375,
    "video_48": 0.4375,
    "video_49": 0.6476190476190476,
    "video_5": 0.5217391304347826,
    "video_50": 0.3291139240506329,
    "video_6": 0.045769026077700906,
    "video_7": 0.6352941176470589,
    "video_8": 0.04475756319933693,
    "video_9": 0.3411764705882353,
    "AverageF1": 0.3175191005329106
  },
  "0.8": {
    "video_1": 0.04469727752945957,
    "video_10": 0.7647058823529412,
    "video_11": 0.31999999999999995,
    "video_12": 0.039243498817966904,
    "video_13": 0.4175824175824176,
    "video_14": 0.5357142857142857,
    "video_15": 0.3880597014925373,
    "video_16": 0.052770448548812667,
    "video_17": 0.5116279069767442,
    "video_18": 0.05200729927007299,
    "video_19": 0.2558139534883721,
    "video_2": 0.4666666666666667,
    "video_20": 0.558139534883721,
    "video_21": 0.03932492216942487,
    "video_22": 0.39999999999999997,
    "video_23": 0.3219512195121951,
    "video_24": 0.28,
    "video_25": 0.31226765799256506,
    "video_26": 0.3111111111111111,
    "video_27": 0.05358490566037736,