{
    "split_1": 55.03043767454206,
    "split_2": 55.96192675093895,
    "split_3": 51.52647387174968,
    "split_4": 60.34161872849684,
    "split_5": 57.485568655539154,
    "Overall Performance": 56.069205136253345
}