{
    "split_1": 56.51880377590811,
    "split_2": 62.78335726269311,
    "split_3": 60.128814279029655,
    "split_4": 60.41132939726464,
    "split_5": 61.05309043122268,
    "Overall Performance": 60.17907902922364
}