{
    "video_12": 65.42856207728929,
    "video_14": 53.91291039338428,
    "video_15": 67.11122779901648,
    "video_20": 64.10679780787608,
    "video_27": 52.730612038844825,
    "video_30": 55.57041729539259,
    "video_32": 67.3088511104464,
    "video_34": 61.40149885398172,
    "video_35": 61.43899192018197,
    "video_9": 61.521035015813155
}