{
    "video_10": 42.61182733463088,
    "video_13": 44.71481122648703,
    "video_16": 67.59112497710542,
    "video_18": 72.28140311316771,
    "video_2": 55.932017423138326,
    "video_21": 52.46886193170798,
    "video_22": 56.401454018263905,
    "video_23": 51.77100237453372,
    "video_33": 61.34286143078701,
    "video_46": 60.07267392925917
}