{
    "video_19": 59.603853754349345,
    "video_24": 62.35186082874314,
    "video_25": 53.29499858772575,
    "video_29": 54.8517707422756,
    "video_3": 65.58677290812277,
    "video_31": 66.92223496932226,
    "video_40": 58.54601502572446,
    "video_41": 84.07073300873911,
    "video_5": 71.69275368540376,
    "video_8": 50.91257911652481
}