{
    "Vehicle Tire_1": 69.60572631927992,
    "Vehicle Unstuck_5": 48.968888973507546,
    "Making Sandwich_4": 52.00219097812211,
    "Vehicle Tire_2": 52.15089368906083,
    "Parkour_4": 62.35186082874314,
    "Parade_1": 38.9161164343016,
    "Parade_5": 48.03976976037768,
    "Flash Mob_3": 62.640146662228666,
    "Bee Keeping_3": 34.592361757022786,
    "Dog Show_3": 45.99678331485252
}