{
    "Grooming an Animal_2": 65.42856207728929,
    "Grooming an Animal_4": 53.91291039338428,
    "Grooming an Animal_5": 67.11122779901648,
    "Making Sandwich_5": 64.10679780787608,
    "Parade_2": 52.730612038844825,
    "Parade_5": 55.57041729539259,
    "Flash Mob_2": 67.3088511104464,
    "Flash Mob_4": 61.40149885398172,
    "Flash Mob_5": 61.43899192018197,
    "Vehicle Unstuck_4": 61.521035015813155
}