{
    "Grooming an Animal_1": 64.32176432011039,
    "Making Sandwich_2": 58.33491925242622,
    "Parkour_1": 49.87017436678332,
    "Parkour_3": 43.759787131055305,
    "Flash Mob_2": 61.07339149364829,
    "Flash Mob_4": 59.290019097386015,
    "Flash Mob_5": 44.82345567476705,
    "Bee Keeping_2": 47.601050299339775,
    "Bike tricks_4": 67.4385031169733,
    "Vehicle Unstuck_1": 53.79131199293086
}