{
    "video_18": 66.18800089473004,
    "video_20": 65.34163306600291,
    "video_22": 58.4274190806312,
    "video_27": 52.49337430293569,
    "video_29": 55.534417983732354,
    "video_45": 70.31878912817203,
    "video_47": 54.134177062155096,
    "video_49": 60.11913242954942,
    "video_7": 48.06377500101753,
    "video_8": 44.23496760646526
}