{
    "Grooming an Animal_2": 57.91287363158498,
    "Making Sandwich_1": 63.65271957739213,
    "Parkour_5": 46.93417758457459,
    "Vehicle Tire_3": 64.29266600629828,
    "Bee Keeping_4": 51.86585108862391,
    "Bee Keeping_5": 52.5424886794461,
    "Bike tricks_1": 84.71829447982532,
    "Bike tricks_2": 58.19989929750657,
    "Vehicle Tire_5": 71.69275368540376,
    "Vehicle Unstuck_4": 51.604463254312655
}