{
    "video_1": 69.60572631927992,
    "video_10": 48.968888973507546,
    "video_19": 52.00219097812211,
    "video_2": 52.15089368906083,
    "video_24": 62.35186082874314,
    "video_26": 38.9161164343016,
    "video_30": 48.03976976037768,
    "video_33": 62.640146662228666,
    "video_38": 34.592361757022786,
    "video_48": 45.99678331485252
}