{
    "Vehicle Tire_1": 69.19466424313015,
    "Making Sandwich_2": 70.37573100561542,
    "Parade_1": 56.34358518429359,
    "Bee Keeping_1": 66.1368664611145,
    "Bee Keeping_2": 49.55127202696432,
    "Bike tricks_2": 58.19989929750657,
    "Bike tricks_5": 72.69130584875359,
    "Dog Show_2": 54.134177062155096,
    "Dog Show_4": 53.68079406709815,
    "Dog Show_5": 53.8049987760149
}