{
    "video_12": 57.91287363158498,
    "video_16": 63.65271957739213,
    "video_25": 46.93417758457459,
    "video_3": 64.29266600629828,
    "video_39": 51.86585108862391,
    "video_40": 52.5424886794461,
    "video_41": 84.71829447982532,
    "video_42": 58.19989929750657,
    "video_5": 71.69275368540376,
    "video_9": 51.604463254312655
}