{
    "video_1": 69.19466424313015,
    "video_17": 70.37573100561542,
    "video_26": 56.34358518429359,
    "video_36": 66.1368664611145,
    "video_37": 49.55127202696432,
    "video_42": 58.19989929750657,
    "video_45": 72.69130584875359,
    "video_47": 54.134177062155096,
    "video_49": 53.68079406709815,
    "video_50": 53.8049987760149
}