{
    "Making Sandwich_4": 59.603853754349345,
    "Parkour_4": 62.35186082874314,
    "Parkour_5": 53.29499858772575,
    "Parade_4": 54.8517707422756,
    "Vehicle Tire_3": 65.58677290812277,
    "Flash Mob_1": 66.92223496932226,
    "Bee Keeping_5": 58.54601502572446,
    "Bike tricks_1": 84.07073300873911,
    "Vehicle Tire_5": 71.69275368540376,
    "Vehicle Unstuck_3": 50.91257911652481
}