{
    "Grooming an Animal_3": 39.70377956550273,
    "Grooming an Animal_4": 56.61055203524554,
    "Grooming an Animal_5": 63.887002348382545,
    "Parade_3": 59.675791489413555,
    "Flash Mob_1": 59.676797854882196,
    "Bee Keeping_1": 59.12202348853706,
    "Vehicle Tire_4": 55.54198309815125,
    "Bike tricks_3": 67.82164435616943,
    "Dog Show_1": 53.95474825716741,
    "Dog Show_5": 43.62494501593765
}