{
    "Making Sandwich_3": 66.18800089473004,
    "Making Sandwich_5": 65.34163306600291,
    "Parkour_2": 58.4274190806312,
    "Parade_2": 52.49337430293569,
    "Parade_4": 55.534417983732354,
    "Bike tricks_5": 70.31878912817203,
    "Dog Show_2": 54.134177062155096,
    "Dog Show_4": 60.11913242954942,
    "Vehicle Unstuck_2": 48.06377500101753,
    "Vehicle Unstuck_3": 44.23496760646526
}