{
    "Vehicle Unstuck_5": 42.61182733463088,
    "Grooming an Animal_3": 44.71481122648703,
    "Making Sandwich_1": 67.59112497710542,
    "Making Sandwich_3": 72.28140311316771,
    "Vehicle Tire_2": 55.932017423138326,
    "Parkour_1": 52.46886193170798,
    "Parkour_2": 56.401454018263905,
    "Parkour_3": 51.77100237453372,
    "Flash Mob_3": 61.34286143078701,
    "Dog Show_1": 60.07267392925917
}