{
    "video_11": 74.41030116724255,
    "video_28": 55.012569309078195,
    "video_38": 48.851384604121876,
    "video_39": 51.82280132290712,
    "video_4": 62.69790398117799,
    "video_43": 67.82164435616943,
    "video_44": 71.38765905462091,
    "video_48": 48.87765581764326,
    "video_6": 62.71368769893193,
    "video_7": 57.69253547840317
}