{
    "Grooming an Animal_1": 74.41030116724255,
    "Parade_3": 55.012569309078195,
    "Bee Keeping_3": 48.851384604121876,
    "Bee Keeping_4": 51.82280132290712,
    "Vehicle Tire_4": 62.69790398117799,
    "Bike tricks_3": 67.82164435616943,
    "Bike tricks_4": 71.38765905462091,
    "Dog Show_3": 48.87765581764326,
    "Vehicle Unstuck_1": 62.71368769893193,
    "Vehicle Unstuck_2": 57.69253547840317
}