{
    "video_13": 39.70377956550273,
    "video_14": 56.61055203524554,
    "video_15": 63.887002348382545,
    "video_28": 59.675791489413555,
    "video_31": 59.676797854882196,
    "video_36": 59.12202348853706,
    "video_4": 55.54198309815125,
    "video_43": 67.82164435616943,
    "video_46": 53.95474825716741,
    "video_50": 43.62494501593765
}