{
    "video_11": 64.32176432011039,
    "video_17": 58.33491925242622,
    "video_21": 49.87017436678332,
    "video_23": 43.759787131055305,
    "video_32": 61.07339149364829,
    "video_34": 59.290019097386015,
    "video_35": 44.82345567476705,
    "video_37": 47.601050299339775,
    "video_44": 67.4385031169733,
    "video_6": 53.79131199293086
}