{
    "split_1": {
        "Kendall": 0.14326497464434101,
        "Spearman": 0.18802997139518718
    },
    "split_2": {
        "Kendall": 0.17606824555571127,
        "Spearman": 0.22978302005598686
    },
    "split_3": {
        "Kendall": 0.15715390634116866,
        "Spearman": 0.20919943227413856
    },
    "split_4": {
        "Kendall": 0.21436155869591955,
        "Spearman": 0.2810030346606592
    },
    "split_5": {
        "Kendall": 0.220765852079338,
        "Spearman": 0.28843584968053076
    },
    "Overall Spearman": 0.2392902616133005,
    "Overall Kendall": 0.18232290746329569
}