{
    "split_1": {
        "Kendall": 0.08391325150521729,
        "Spearman": 0.1099795677297762
    },
    "split_2": {
        "Kendall": 0.08914255833265657,
        "Spearman": 0.11719081486283855
    },
    "split_3": {
        "Kendall": 0.179282550834608,
        "Spearman": 0.23614481482541141
    },
    "split_4": {
        "Kendall": 0.1781075038123875,
        "Spearman": 0.23324237138092457
    },
    "split_5": {
        "Kendall": 0.15175548250076307,
        "Spearman": 0.199282172411978
    },
    "Overall Spearman": 0.17916794824218574,
    "Overall Kendall": 0.13644026939712647
}