{
    "video_10": {
        "kendall": -0.001928425290797549,
        "spearman": 0.0023731262390286876
    },
    "video_13": {
        "kendall": -0.007292305337075568,
        "spearman": -0.01045132440874844
    },
    "video_16": {
        "kendall": 0.12337179551072242,
        "spearman": 0.16132258599985222
    },
    "video_18": {
        "kendall": 0.18632307922626687,
        "spearman": 0.24119484355390286
    },
    "video_2": {
        "kendall": 0.055811134304014146,
        "spearman": 0.07529879652022031
    },
    "video_21": {
        "kendall": 0.08627785549624072,
        "spearman": 0.11326271698667552
    },
    "video_22": {
        "kendall": 0.08975505834998795,
        "spearman": 0.11676470368338725
    },
    "video_23": {
        "kendall": 0.032187694551667305,
        "spearman": 0.04201984497914077
    },
    "video_33": {
        "kendall": 0.23046425188908287,
        "spearman": 0.30017611488075324
    },
    "video_46": {
        "kendall": 0.04416237635206376,
        "spearman": 0.05783426886354963
    }
}