{
    "video_13": {
        "kendall": 0.10603890026104217,
        "spearman": 0.1413905323956816
    },
    "video_14": {
        "kendall": 0.2822298180273181,
        "spearman": 0.3696880585503968
    },
    "video_15": {
        "kendall": 0.2663029472002421,
        "spearman": 0.3472036493356007
    },
    "video_28": {
        "kendall": 0.1884388648101311,
        "spearman": 0.24674869014721165
    },
    "video_31": {
        "kendall": 0.061761774169387315,
        "spearman": 0.08178769631826013
    },
    "video_36": {
        "kendall": 0.2076015680031416,
        "spearman": 0.2679714267191769
    },
    "video_4": {
        "kendall": 0.2116026824176803,
        "spearman": 0.2814628384515495
    },
    "video_43": {
        "kendall": 0.2924212350411765,
        "spearman": 0.3751433158703358
    },
    "video_46": {
        "kendall": 0.1421913057702124,
        "spearman": 0.18595593501333926
    },
    "video_50": {
        "kendall": 0.0020933598567809387,
        "spearman": 0.0004780577583158883
    }
}