{
    "Grooming an Animal_1": {
        "kendall": 0.25025294614714755,
        "spearman": 0.32943743468240233
    },
    "Making Sandwich_2": {
        "kendall": 0.25172516396331124,
        "spearman": 0.3295694282196485
    },
    "Parkour_1": {
        "kendall": 0.21981649518605623,
        "spearman": 0.2893747222216133
    },
    "Parkour_3": {
        "kendall": 0.09481866410226644,
        "spearman": 0.12348954750778111
    },
    "Flash Mob_2": {
        "kendall": 0.012372066196353242,
        "spearman": 0.01933540115001099
    },
    "Flash Mob_4": {
        "kendall": 0.10346730320445167,
        "spearman": 0.13415777695047998
    },
    "Flash Mob_5": {
        "kendall": -0.028895358580330637,
        "spearman": -0.03758822099546422
    },
    "Bee Keeping_2": {
        "kendall": 0.28895801551541667,
        "spearman": 0.37492363434422793
    },
    "Bike tricks_4": {
        "kendall": 0.1618117315640136,
        "spearman": 0.21281642775777052
    },
    "Vehicle Unstuck_1": {
        "kendall": 0.07832271914472413,
        "spearman": 0.10478356211340127
    }
}