{
    "Vehicle Tire_1": {
        "kendall": 0.14738208277643938,
        "spearman": 0.19416084318930915
    },
    "Making Sandwich_2": {
        "kendall": 0.24278785691126098,
        "spearman": 0.31627245954398486
    },
    "Parade_1": {
        "kendall": 0.04054881998723088,
        "spearman": 0.049397212813092665
    },
    "Bee Keeping_1": {
        "kendall": 0.21926758205000813,
        "spearman": 0.28282430423530347
    },
    "Bee Keeping_2": {
        "kendall": 0.26795619186559544,
        "spearman": 0.34857527397376836
    },
    "Bike tricks_2": {
        "kendall": 0.29538210951173044,
        "spearman": 0.39045977963883566
    },
    "Bike tricks_5": {
        "kendall": 0.26866487850733367,
        "spearman": 0.35539582813843407
    },
    "Dog Show_2": {
        "kendall": 0.13874025962085554,
        "spearman": 0.18284859103034462
    },
    "Dog Show_4": {
        "kendall": 0.1387263854036859,
        "spearman": 0.1819294134298813
    },
    "Dog Show_5": {
        "kendall": 0.021618871489734546,
        "spearman": 0.030560007816291694
    }
}