{
    "Grooming an Animal_3": {
        "kendall": 0.10603890026104217,
        "spearman": 0.1413905323956816
    },
    "Grooming an Animal_4": {
        "kendall": 0.2822298180273181,
        "spearman": 0.3696880585503968
    },
    "Grooming an Animal_5": {
        "kendall": 0.2663029472002421,
        "spearman": 0.3472036493356007
    },
    "Parade_3": {
        "kendall": 0.1884388648101311,
        "spearman": 0.24674869014721165
    },
    "Flash Mob_1": {
        "kendall": 0.061761774169387315,
        "spearman": 0.08178769631826013
    },
    "Bee Keeping_1": {
        "kendall": 0.2076015680031416,
        "spearman": 0.2679714267191769
    },
    "Vehicle Tire_4": {
        "kendall": 0.2116026824176803,
        "spearman": 0.2814628384515495
    },
    "Bike tricks_3": {
        "kendall": 0.2924212350411765,
        "spearman": 0.3751433158703358
    },
    "Dog Show_1": {
        "kendall": 0.1421913057702124,
        "spearman": 0.18595593501333926
    },
    "Dog Show_5": {
        "kendall": 0.0020933598567809387,
        "spearman": 0.0004780577583158883
    }
}