{
    "video_11": {
        "kendall": 0.25025294614714755,
        "spearman": 0.32943743468240233
    },
    "video_17": {
        "kendall": 0.25172516396331124,
        "spearman": 0.3295694282196485
    },
    "video_21": {
        "kendall": 0.21981649518605623,
        "spearman": 0.2893747222216133
    },
    "video_23": {
        "kendall": 0.09481866410226644,
        "spearman": 0.12348954750778111
    },
    "video_32": {
        "kendall": 0.012372066196353242,
        "spearman": 0.01933540115001099
    },
    "video_34": {
        "kendall": 0.10346730320445167,
        "spearman": 0.13415777695047998
    },
    "video_35": {
        "kendall": -0.028895358580330637,
        "spearman": -0.03758822099546422
    },
    "video_37": {
        "kendall": 0.28895801551541667,
        "spearman": 0.37492363434422793
    },
    "video_44": {
        "kendall": 0.1618117315640136,
        "spearman": 0.21281642775777052
    },
    "video_6": {
        "kendall": 0.07832271914472413,
        "spearman": 0.10478356211340127
    }
}