{
    "Vehicle Tire_1": {
        "kendall": 0.26765750689750434,
        "spearman": 0.3493237608759467
    },
    "Vehicle Unstuck_5": {
        "kendall": 0.11194687413013753,
        "spearman": 0.15167262744587884
    },
    "Making Sandwich_4": {
        "kendall": 0.07457925192556548,
        "spearman": 0.09881195376087522
    },
    "Vehicle Tire_2": {
        "kendall": 0.30246239989945645,
        "spearman": 0.4030732740217521
    },
    "Parkour_4": {
        "kendall": 0.06947199011697526,
        "spearman": 0.09211507838649897
    },
    "Parade_1": {
        "kendall": 0.06841440277994362,
        "spearman": 0.09003202736137668
    },
    "Parade_5": {
        "kendall": 0.21411760470278804,
        "spearman": 0.2822502570768288
    },
    "Flash Mob_3": {
        "kendall": 0.32711085600324924,
        "spearman": 0.43371999789706467
    },
    "Bee Keeping_3": {
        "kendall": -0.00968821854557687,
        "spearman": -0.010904747736804615
    },
    "Dog Show_3": {
        "kendall": 0.14546639550164348,
        "spearman": 0.2019000936519685
    }
}