{
    "video_19": {
        "kendall": 0.11786786287272025,
        "spearman": 0.15482758702845462
    },
    "video_24": {
        "kendall": 0.031103796897934764,
        "spearman": 0.04398576545273521
    },
    "video_25": {
        "kendall": 0.07573860985510107,
        "spearman": 0.09867804549410647
    },
    "video_29": {
        "kendall": 0.1699964014202495,
        "spearman": 0.2264618043418733
    },
    "video_3": {
        "kendall": 0.23636768269103534,
        "spearman": 0.30638761913692375
    },
    "video_31": {
        "kendall": 0.07151759801703754,
        "spearman": 0.09576863161239466
    },
    "video_40": {
        "kendall": 0.016994082867134976,
        "spearman": 0.023301225387513586
    },
    "video_41": {
        "kendall": 0.13760284633522374,
        "spearman": 0.17811802230076434
    },
    "video_5": {
        "kendall": -0.016527424539401616,
        "spearman": -0.021968670593736122
    },
    "video_8": {
        "kendall": 0.05076412690953006,
        "spearman": 0.06634811846735583
    }
}