{
    "video_18": {
        "kendall": 0.2819631675599677,
        "spearman": 0.3677983116190989
    },
    "video_20": {
        "kendall": 0.32544975238004226,
        "spearman": 0.42480153418002703
    },
    "video_22": {
        "kendall": 0.12150714384463593,
        "spearman": 0.15927793445179778
    },
    "video_27": {
        "kendall": 0.15814828326946617,
        "spearman": 0.20785016085445657
    },
    "video_29": {
        "kendall": 0.2869397142288379,
        "spearman": 0.37859969053366205
    },
    "video_45": {
        "kendall": 0.28140381491668154,
        "spearman": 0.3693646497405497
    },
    "video_47": {
        "kendall": 0.14746968608368333,
        "spearman": 0.19274091605731675
    },
    "video_49": {
        "kendall": 0.2503704474907818,
        "spearman": 0.3245898859216943
    },
    "video_7": {
        "kendall": 0.3297794524417369,
        "spearman": 0.4268034350333716
    },
    "video_8": {
        "kendall": 0.02462705857754676,
        "spearman": 0.032531978413332954
    }
}