{
    "video_12": {
        "kendall": 0.3357346521861583,
        "spearman": 0.4385972234947313
    },
    "video_16": {
        "kendall": 0.21592712389583166,
        "spearman": 0.2830254994942064
    },
    "video_25": {
        "kendall": 0.04030395364857263,
        "spearman": 0.05256361566252375
    },
    "video_3": {
        "kendall": 0.22882617158965907,
        "spearman": 0.29763005160367056
    },
    "video_39": {
        "kendall": 0.3014005307939783,
        "spearman": 0.3943127721425927
    },
    "video_40": {
        "kendall": 0.08081462836612302,
        "spearman": 0.10688633678135746
    },
    "video_41": {
        "kendall": 0.13265909513889637,
        "spearman": 0.17116280977522194
    },
    "video_42": {
        "kendall": 0.31414584901200693,
        "spearman": 0.4109232853547309
    },
    "video_5": {
        "kendall": 0.2477899835644081,
        "spearman": 0.3266473178480672
    },
    "video_9": {
        "kendall": 0.24601359876356113,
        "spearman": 0.3282814344494894
    }
}