{
    "Making Sandwich_4": {
        "kendall": 0.11786786287272025,
        "spearman": 0.15482758702845462
    },
    "Parkour_4": {
        "kendall": 0.031103796897934764,
        "spearman": 0.04398576545273521
    },
    "Parkour_5": {
        "kendall": 0.07573860985510107,
        "spearman": 0.09867804549410647
    },
    "Parade_4": {
        "kendall": 0.1699964014202495,
        "spearman": 0.2264618043418733
    },
    "Vehicle Tire_3": {
        "kendall": 0.23636768269103534,
        "spearman": 0.30638761913692375
    },
    "Flash Mob_1": {
        "kendall": 0.07151759801703754,
        "spearman": 0.09576863161239466
    },
    "Bee Keeping_5": {
        "kendall": 0.016994082867134976,
        "spearman": 0.023301225387513586
    },
    "Bike tricks_1": {
        "kendall": 0.13760284633522374,
        "spearman": 0.17811802230076434
    },
    "Vehicle Tire_5": {
        "kendall": -0.016527424539401616,
        "spearman": -0.021968670593736122
    },
    "Vehicle Unstuck_3": {
        "kendall": 0.05076412690953006,
        "spearman": 0.06634811846735583
    }
}