{
    "video_1": {
        "kendall": 0.14738208277643938,
        "spearman": 0.19416084318930915
    },
    "video_17": {
        "kendall": 0.24278785691126098,
        "spearman": 0.31627245954398486
    },
    "video_26": {
        "kendall": 0.04054881998723088,
        "spearman": 0.049397212813092665
    },
    "video_36": {
        "kendall": 0.21926758205000813,
        "spearman": 0.28282430423530347
    },
    "video_37": {
        "kendall": 0.26795619186559544,
        "spearman": 0.34857527397376836
    },
    "video_42": {
        "kendall": 0.29538210951173044,
        "spearman": 0.39045977963883566
    },
    "video_45": {
        "kendall": 0.26866487850733367,
        "spearman": 0.35539582813843407
    },
    "video_47": {
        "kendall": 0.13874025962085554,
        "spearman": 0.18284859103034462
    },
    "video_49": {
        "kendall": 0.1387263854036859,
        "spearman": 0.1819294134298813
    },
    "video_50": {
        "kendall": 0.021618871489734546,
        "spearman": 0.030560007816291694
    }
}