{
    "video_12": {
        "kendall": 0.22089158177802082,
        "spearman": 0.2884017158349891
    },
    "video_14": {
        "kendall": 0.2062250694627003,
        "spearman": 0.2690998807702752
    },
    "video_15": {
        "kendall": 0.21246361662110655,
        "spearman": 0.282108053071098
    },
    "video_20": {
        "kendall": 0.3029120719483277,
        "spearman": 0.39515086816125233
    },
    "video_27": {
        "kendall": 0.13003175810788578,
        "spearman": 0.17108812203941867
    },
    "video_30": {
        "kendall": 0.20817834492795678,
        "spearman": 0.2703957900718484
    },
    "video_32": {
        "kendall": -0.018088191798314657,
        "spearman": -0.02227427834499683
    },
    "video_34": {
        "kendall": 0.11924324477212415,
        "spearman": 0.15712274312171512
    },
    "video_35": {
        "kendall": -0.01413195103133984,
        "spearman": -0.019316516035071528
    },
    "video_9": {
        "kendall": 0.14982928021916303,
        "spearman": 0.2010453454292513
    }
}