{
    "Vmax 1.0": 0.08209442409442409,
    "Vmax 0.8": 0.08209442409442409,
    "Vmax 0.6": 0.08209442409442409,
    "Vmax 0.4": 0.08209442409442409
}