{
    "Vmax 1.0 ": 0.02408578287737998,
    "Vmax 0.8": 0.02408578287737998,
    "Vmax 0.6": 0.02408578287737998,
    "Vmax 0.4": 0.02408578287737998
}