{
    "Vmax 1.0 ": 0.02408578287737998,
    "Vmax 0.8": 0.029868413386656946,
    "Vmax 0.6": 0.029868413386656946,
    "Vmax 0.4": 0.029868413386656946
}