{
    "Vmax 1.0 ": 0.029124814750446544,
    "Vmax 0.8": 0.031326533496972335,
    "Vmax 0.6": 0.03132094448836527,
    "Vmax 0.4": 0.031326533496972335
}