{
    "Vmax 1.0": 0.4517452491313002,
    "Vmax 0.8": 0.39347434440659274,
    "Vmax 0.6": 0.32693164649341244,
    "Vmax 0.4": 0.2372799281259132
}