{
    "Vmax 1.0": 0.13774717986131765,
    "Vmax 0.8": 0.10201714940551831,
    "Vmax 0.6": 0.09233794170268375,
    "Vmax 0.4": 0.08213614840477737
}