{
    "Vmax 1.0": 0.35952287214641804,
    "Vmax 0.8": 0.3168795153733152,
    "Vmax 0.6": 0.2633254972947965,
    "Vmax 0.4": 0.19722524250195686
}