{
    "Scenario 1": [
        0.14479503696320775,
        0.15934962430031774,
        0.15129849745721305,
        0.1595293697021456,
        0.15157538635948903
    ],
    "Scenario 2": [
        0.07658623029444761,
        0.09354738391228543,
        0.08168181930606794,
        0.07971101367211911,
        0.07609055969256193
    ],
    "Scenario 3": [
        0.14356273119783258,
        0.1588617266604106,
        0.15002374312402,
        0.15836538608380507,
        0.14996716329135054
    ],
    "Scenario 4": [
        0.2521693663142008,
        0.27730102729946526,
        0.2618715055578799,
        0.2784455476303175,
        0.2669003128926213
    ]
}