{
    "Scenario 1": [
        0.064389780786955,
        0.09680099224866219,
        0.05742953189077613,
        0.09342916593237152,
        0.10872278322867893
    ],
    "Scenario 2": [
        0.15558670971128766,
        0.14989100567535768,
        0.1578301826248812,
        0.14698398320872724,
        0.15336837760763036
    ],
    "Scenario 3": [
        0.06365716807711522,
        0.10005151394284,
        0.06095561545240095,
        0.09852226273590622,
        0.10790566202522034
    ],
    "Scenario 4": [
        0.064389780786955,
        0.09680099224866219,
        0.05742953189077613,
        0.09342916593237152,
        0.10872278322867893
    ]
}