{
    "Scenario 1": [
        0.11256724587868439,
        0.08028778356099268,
        0.04573537685078309,
        0.06466188071848789,
        0.09048900989016087
    ],
    "Scenario 2": [
        0.15260424467536926,
        0.15683412170786404,
        0.154756640881932,
        0.15927805927267852,
        0.14944715848480072
    ],
    "Scenario 3": [
        0.11304775174969484,
        0.08500315309390336,
        0.04773959344214773,
        0.061818678404744885,
        0.09056649659707561
    ],
    "Scenario 4": [
        0.11256724587868439,
        0.08028778356099268,
        0.04573537685078309,
        0.06466188071848789,
        0.09048900989016087
    ]
}