{
    "Scenario 1": [
        0.17656253631402968,
        0.16723882692098196,
        0.1757482938250085,
        0.176681515219773,
        0.1757169437406613
    ],
    "Scenario 2": [
        0.09806090489573213,
        0.09743924633880953,
        0.09975534734397315,
        0.1055709206066466,
        0.10001886526166451
    ],
    "Scenario 3": [
        0.17554173277721866,
        0.16610808971780755,
        0.1747274362000645,
        0.17576247971947204,
        0.17472816104131264
    ],
    "Scenario 4": [
        0.31191823860288265,
        0.2938503860130676,
        0.31140551360160257,
        0.3110910229376233,
        0.31167466397060284
    ]
}